Cutomers 30 days,Cutomers 20 days,Total Count,Retention Rate,Regular Customers
90,232,1473,0.061099796334012219,0.15750169721656485
