Cutomers 30 days,Cutomers 20 days,Total Count,Retention Rate,Regular Customers
99,245,1464,0.067622950819672137,0.16734972677595628
