Cutomers 30 days,Cutomers 20 days,Total Count,Retention Rate,Regular Customers
96,235,1451,0.066161268090971739,0.16195727084769124
