Cutomers 30 days,Cutomers 20 days,Total Count,Retention Rate,Regular Customers
82,231,1393,0.058865757358219667,0.16582914572864321
