Created,All,Unfulfilled,% Unfulfilled
2015-01,413,10,2.4213075060532687
2015-02,493,10,2.028397565922921
2015-03,606,13,2.145214521452145
2015-04,555,5,0.9009009009009009
2015-05,665,13,1.9548872180451127
2015-06,354,16,4.519774011299435
2015-07,204,14,6.862745098039215
2015-08,304,8,2.6315789473684212
2015-09,352,26,7.386363636363637
2015-10,471,70,14.8619957537155
2015-11,334,268,80.23952095808383
